Total Nacional;Comunidades y Ciudades Autónomas;Provincias;Sexo;Unidades de medida;Total
Total Nacional;;;Ambos sexos;Personas;47.400.798
Total Nacional;;;Hombres;Personas;23.248.611
Total Nacional;;;Mujeres;Personas;24.152.187
Total Nacional;01 Andalucía;;Ambos sexos;Personas;8.484.804
Total Nacional;01 Andalucía;;Hombres;Personas;4.182.620
Total Nacional;01 Andalucía;;Mujeres;Personas;4.302.184
Total Nacional;01 Andalucía;04 Almería;Ambos sexos;Personas;730.430
Total Nacional;01 Andalucía;04 Almería;Hombres;Personas;372.823
Total Nacional;01 Andalucía;04 Almería;Mujeres;Personas;357.607
Total Nacional;01 Andalucía;11 Cádiz;Ambos sexos;Personas;1.249.873
Total Nacional;01 Andalucía;11 Cádiz;Hombres;Personas;616.595
Total Nacional;01 Andalucía;11 Cádiz;Mujeres;Personas;633.278
Total Nacional;01 Andalucía;14 Córdoba;Ambos sexos;Personas;777.622
Total Nacional;01 Andalucía;14 Córdoba;Hombres;Personas;380.859
Total Nacional;01 Andalucía;14 Córdoba;Mujeres;Personas;396.763
Total Nacional;01 Andalucía;18 Granada;Ambos sexos;Personas;925.046
Total Nacional;01 Andalucía;18 Granada;Hombres;Personas;456.393
Total Nacional;01 Andalucía;18 Granada;Mujeres;Personas;468.653
Total Nacional;01 Andalucía;21 Huelva;Ambos sexos;Personas;527.254
Total Nacional;01 Andalucía;21 Huelva;Hombres;Personas;261.186
Total Nacional;01 Andalucía;21 Huelva;Mujeres;Personas;266.068
Total Nacional;01 Andalucía;23 Jaén;Ambos sexos;Personas;627.568
Total Nacional;01 Andalucía;23 Jaén;Hombres;Personas;310.930
Total Nacional;01 Andalucía;23 Jaén;Mujeres;Personas;316.638
Total Nacional;01 Andalucía;29 Málaga;Ambos sexos;Personas;1.696.955
Total Nacional;01 Andalucía;29 Málaga;Hombres;Personas;831.211
Total Nacional;01 Andalucía;29 Málaga;Mujeres;Personas;865.744
Total Nacional;01 Andalucía;41 Sevilla;Ambos sexos;Personas;1.950.056
Total Nacional;01 Andalucía;41 Sevilla;Hombres;Personas;952.623
Total Nacional;01 Andalucía;41 Sevilla;Mujeres;Personas;997.433
Total Nacional;02 Aragón;;Ambos sexos;Personas;1.331.938
Total Nacional;02 Aragón;;Hombres;Personas;658.263
Total Nacional;02 Aragón;;Mujeres;Personas;673.675
Total Nacional;02 Aragón;22 Huesca;Ambos sexos;Personas;223.995
Total Nacional;02 Aragón;22 Huesca;Hombres;Personas;113.456
Total Nacional;02 Aragón;22 Huesca;Mujeres;Personas;110.539
Total Nacional;02 Aragón;44 Teruel;Ambos sexos;Personas;134.259
Total Nacional;02 Aragón;44 Teruel;Hombres;Personas;68.143
Total Nacional;02 Aragón;44 Teruel;Mujeres;Personas;66.116
Total Nacional;02 Aragón;50 Zaragoza;Ambos sexos;Personas;973.684
Total Nacional;02 Aragón;50 Zaragoza;Hombres;Personas;476.664
Total Nacional;02 Aragón;50 Zaragoza;Mujeres;Personas;497.020
Total Nacional;03 Asturias, Principado de;;Ambos sexos;Personas;1.012.117
Total Nacional;03 Asturias, Principado de;;Hombres;Personas;483.186
Total Nacional;03 Asturias, Principado de;;Mujeres;Personas;528.931
Total Nacional;03 Asturias, Principado de;33 Asturias;Ambos sexos;Personas;1.012.117
Total Nacional;03 Asturias, Principado de;33 Asturias;Hombres;Personas;483.186
Total Nacional;03 Asturias, Principado de;33 Asturias;Mujeres;Personas;528.931
Total Nacional;04 Balears, Illes;;Ambos sexos;Personas;1.183.415
Total Nacional;04 Balears, Illes;;Hombres;Personas;590.990
Total Nacional;04 Balears, Illes;;Mujeres;Personas;592.425
Total Nacional;04 Balears, Illes;07 Balears, Illes;Ambos sexos;Personas;1.183.415
Total Nacional;04 Balears, Illes;07 Balears, Illes;Hombres;Personas;590.990
Total Nacional;04 Balears, Illes;07 Balears, Illes;Mujeres;Personas;592.425
Total Nacional;05 Canarias;;Ambos sexos;Personas;2.178.924
Total Nacional;05 Canarias;;Hombres;Personas;1.077.860
Total Nacional;05 Canarias;;Mujeres;Personas;1.101.064
Total Nacional;05 Canarias;35 Palmas, Las;Ambos sexos;Personas;1.131.359
Total Nacional;05 Canarias;35 Palmas, Las;Hombres;Personas;563.160
Total Nacional;05 Canarias;35 Palmas, Las;Mujeres;Personas;568.199
Total Nacional;05 Canarias;38 Santa Cruz de Tenerife;Ambos sexos;Personas;1.047.565
Total Nacional;05 Canarias;38 Santa Cruz de Tenerife;Hombres;Personas;514.700
Total Nacional;05 Canarias;38 Santa Cruz de Tenerife;Mujeres;Personas;532.865
Total Nacional;06 Cantabria;;Ambos sexos;Personas;584.708
Total Nacional;06 Cantabria;;Hombres;Personas;283.854
Total Nacional;06 Cantabria;;Mujeres;Personas;300.854
Total Nacional;06 Cantabria;39 Cantabria;Ambos sexos;Personas;584.708
Total Nacional;06 Cantabria;39 Cantabria;Hombres;Personas;283.854
Total Nacional;06 Cantabria;39 Cantabria;Mujeres;Personas;300.854
Total Nacional;07 Castilla y León;;Ambos sexos;Personas;2.385.223
Total Nacional;07 Castilla y León;;Hombres;Personas;1.174.957
Total Nacional;07 Castilla y León;;Mujeres;Personas;1.210.266
Total Nacional;07 Castilla y León;05 Ávila;Ambos sexos;Personas;158.898
Total Nacional;07 Castilla y León;05 Ávila;Hombres;Personas;79.884
Total Nacional;07 Castilla y León;05 Ávila;Mujeres;Personas;79.014
Total Nacional;07 Castilla y León;09 Burgos;Ambos sexos;Personas;356.042
Total Nacional;07 Castilla y León;09 Burgos;Hombres;Personas;178.040
Total Nacional;07 Castilla y León;09 Burgos;Mujeres;Personas;178.002
Total Nacional;07 Castilla y León;24 León;Ambos sexos;Personas;452.435
Total Nacional;07 Castilla y León;24 León;Hombres;Personas;220.034
Total Nacional;07 Castilla y León;24 León;Mujeres;Personas;232.401
Total Nacional;07 Castilla y León;34 Palencia;Ambos sexos;Personas;159.146
Total Nacional;07 Castilla y León;34 Palencia;Hombres;Personas;78.883
Total Nacional;07 Castilla y León;34 Palencia;Mujeres;Personas;80.263
Total Nacional;07 Castilla y León;37 Salamanca;Ambos sexos;Personas;327.735
Total Nacional;07 Castilla y León;37 Salamanca;Hombres;Personas;159.202
Total Nacional;07 Castilla y León;37 Salamanca;Mujeres;Personas;168.533
Total Nacional;07 Castilla y León;40 Segovia;Ambos sexos;Personas;153.626
Total Nacional;07 Castilla y León;40 Segovia;Hombres;Personas;77.152
Total Nacional;07 Castilla y León;40 Segovia;Mujeres;Personas;76.474
Total Nacional;07 Castilla y León;42 Soria;Ambos sexos;Personas;88.796
Total Nacional;07 Castilla y León;42 Soria;Hombres;Personas;44.939
Total Nacional;07 Castilla y León;42 Soria;Mujeres;Personas;43.857
Total Nacional;07 Castilla y León;47 Valladolid;Ambos sexos;Personas;519.380
Total Nacional;07 Castilla y León;47 Valladolid;Hombres;Personas;252.999
Total Nacional;07 Castilla y León;47 Valladolid;Mujeres;Personas;266.381
Total Nacional;07 Castilla y León;49 Zamora;Ambos sexos;Personas;169.165
Total Nacional;07 Castilla y León;49 Zamora;Hombres;Personas;83.824
Total Nacional;07 Castilla y León;49 Zamora;Mujeres;Personas;85.341
Total Nacional;08 Castilla - La Mancha;;Ambos sexos;Personas;2.052.505
Total Nacional;08 Castilla - La Mancha;;Hombres;Personas;1.028.696
Total Nacional;08 Castilla - La Mancha;;Mujeres;Personas;1.023.809
Total Nacional;08 Castilla - La Mancha;02 Albacete;Ambos sexos;Personas;386.726
Total Nacional;08 Castilla - La Mancha;02 Albacete;Hombres;Personas;193.487
Total Nacional;08 Castilla - La Mancha;02 Albacete;Mujeres;Personas;193.239
Total Nacional;08 Castilla - La Mancha;13 Ciudad Real;Ambos sexos;Personas;492.900
Total Nacional;08 Castilla - La Mancha;13 Ciudad Real;Hombres;Personas;244.112
Total Nacional;08 Castilla - La Mancha;13 Ciudad Real;Mujeres;Personas;248.788
Total Nacional;08 Castilla - La Mancha;16 Cuenca;Ambos sexos;Personas;196.510
Total Nacional;08 Castilla - La Mancha;16 Cuenca;Hombres;Personas;98.748
Total Nacional;08 Castilla - La Mancha;16 Cuenca;Mujeres;Personas;97.762
Total Nacional;08 Castilla - La Mancha;19 Guadalajara;Ambos sexos;Personas;265.969
Total Nacional;08 Castilla - La Mancha;19 Guadalajara;Hombres;Personas;134.874
Total Nacional;08 Castilla - La Mancha;19 Guadalajara;Mujeres;Personas;131.095
Total Nacional;08 Castilla - La Mancha;45 Toledo;Ambos sexos;Personas;710.400
Total Nacional;08 Castilla - La Mancha;45 Toledo;Hombres;Personas;357.475
Total Nacional;08 Castilla - La Mancha;45 Toledo;Mujeres;Personas;352.925
Total Nacional;09 Cataluña;;Ambos sexos;Personas;7.749.896
Total Nacional;09 Cataluña;;Hombres;Personas;3.814.823
Total Nacional;09 Cataluña;;Mujeres;Personas;3.935.073
Total Nacional;09 Cataluña;08 Barcelona;Ambos sexos;Personas;5.702.262
Total Nacional;09 Cataluña;08 Barcelona;Hombres;Personas;2.785.890
Total Nacional;09 Cataluña;08 Barcelona;Mujeres;Personas;2.916.372
Total Nacional;09 Cataluña;17 Girona;Ambos sexos;Personas;784.941
Total Nacional;09 Cataluña;17 Girona;Hombres;Personas;393.369
Total Nacional;09 Cataluña;17 Girona;Mujeres;Personas;391.572
Total Nacional;09 Cataluña;25 Lleida;Ambos sexos;Personas;439.258
Total Nacional;09 Cataluña;25 Lleida;Hombres;Personas;224.011
Total Nacional;09 Cataluña;25 Lleida;Mujeres;Personas;215.247
Total Nacional;09 Cataluña;43 Tarragona;Ambos sexos;Personas;823.435
Total Nacional;09 Cataluña;43 Tarragona;Hombres;Personas;411.553
Total Nacional;09 Cataluña;43 Tarragona;Mujeres;Personas;411.882
Total Nacional;10 Comunitat Valenciana;;Ambos sexos;Personas;5.067.911
Total Nacional;10 Comunitat Valenciana;;Hombres;Personas;2.497.752
Total Nacional;10 Comunitat Valenciana;;Mujeres;Personas;2.570.159
Total Nacional;10 Comunitat Valenciana;03 Alicante/Alacant;Ambos sexos;Personas;1.887.036
Total Nacional;10 Comunitat Valenciana;03 Alicante/Alacant;Hombres;Personas;935.234
Total Nacional;10 Comunitat Valenciana;03 Alicante/Alacant;Mujeres;Personas;951.802
Total Nacional;10 Comunitat Valenciana;12 Castellón/Castelló;Ambos sexos;Personas;587.632
Total Nacional;10 Comunitat Valenciana;12 Castellón/Castelló;Hombres;Personas;291.857
Total Nacional;10 Comunitat Valenciana;12 Castellón/Castelló;Mujeres;Personas;295.775
Total Nacional;10 Comunitat Valenciana;46 Valencia/València;Ambos sexos;Personas;2.593.243
Total Nacional;10 Comunitat Valenciana;46 Valencia/València;Hombres;Personas;1.270.661
Total Nacional;10 Comunitat Valenciana;46 Valencia/València;Mujeres;Personas;1.322.582
Total Nacional;11 Extremadura;;Ambos sexos;Personas;1.061.636
Total Nacional;11 Extremadura;;Hombres;Personas;525.843
Total Nacional;11 Extremadura;;Mujeres;Personas;535.793
Total Nacional;11 Extremadura;06 Badajoz;Ambos sexos;Personas;671.092
Total Nacional;11 Extremadura;06 Badajoz;Hombres;Personas;331.856
Total Nacional;11 Extremadura;06 Badajoz;Mujeres;Personas;339.236
Total Nacional;11 Extremadura;10 Cáceres;Ambos sexos;Personas;390.544
Total Nacional;11 Extremadura;10 Cáceres;Hombres;Personas;193.987
Total Nacional;11 Extremadura;10 Cáceres;Mujeres;Personas;196.557
Total Nacional;12 Galicia;;Ambos sexos;Personas;2.698.177
Total Nacional;12 Galicia;;Hombres;Personas;1.299.491
Total Nacional;12 Galicia;;Mujeres;Personas;1.398.686
Total Nacional;12 Galicia;15 Coruña, A;Ambos sexos;Personas;1.120.501
Total Nacional;12 Galicia;15 Coruña, A;Hombres;Personas;537.361
Total Nacional;12 Galicia;15 Coruña, A;Mujeres;Personas;583.140
Total Nacional;12 Galicia;27 Lugo;Ambos sexos;Personas;326.068
Total Nacional;12 Galicia;27 Lugo;Hombres;Personas;158.003
Total Nacional;12 Galicia;27 Lugo;Mujeres;Personas;168.065
Total Nacional;12 Galicia;32 Ourense;Ambos sexos;Personas;305.297
Total Nacional;12 Galicia;32 Ourense;Hombres;Personas;146.630
Total Nacional;12 Galicia;32 Ourense;Mujeres;Personas;158.667
Total Nacional;12 Galicia;36 Pontevedra;Ambos sexos;Personas;946.311
Total Nacional;12 Galicia;36 Pontevedra;Hombres;Personas;457.497
Total Nacional;12 Galicia;36 Pontevedra;Mujeres;Personas;488.814
Total Nacional;13 Madrid, Comunidad de;;Ambos sexos;Personas;6.726.640
Total Nacional;13 Madrid, Comunidad de;;Hombres;Personas;3.221.401
Total Nacional;13 Madrid, Comunidad de;;Mujeres;Personas;3.505.239
Total Nacional;13 Madrid, Comunidad de;28 Madrid;Ambos sexos;Personas;6.726.640
Total Nacional;13 Madrid, Comunidad de;28 Madrid;Hombres;Personas;3.221.401
Total Nacional;13 Madrid, Comunidad de;28 Madrid;Mujeres;Personas;3.505.239
Total Nacional;14 Murcia, Región de;;Ambos sexos;Personas;1.518.279
Total Nacional;14 Murcia, Región de;;Hombres;Personas;760.831
Total Nacional;14 Murcia, Región de;;Mujeres;Personas;757.448
Total Nacional;14 Murcia, Región de;30 Murcia;Ambos sexos;Personas;1.518.279
Total Nacional;14 Murcia, Región de;30 Murcia;Hombres;Personas;760.831
Total Nacional;14 Murcia, Región de;30 Murcia;Mujeres;Personas;757.448
Total Nacional;15 Navarra, Comunidad Foral de;;Ambos sexos;Personas;662.032
Total Nacional;15 Navarra, Comunidad Foral de;;Hombres;Personas;327.940
Total Nacional;15 Navarra, Comunidad Foral de;;Mujeres;Personas;334.092
Total Nacional;15 Navarra, Comunidad Foral de;31 Navarra;Ambos sexos;Personas;662.032
Total Nacional;15 Navarra, Comunidad Foral de;31 Navarra;Hombres;Personas;327.940
Total Nacional;15 Navarra, Comunidad Foral de;31 Navarra;Mujeres;Personas;334.092
Total Nacional;16 País Vasco;;Ambos sexos;Personas;2.212.628
Total Nacional;16 País Vasco;;Hombres;Personas;1.075.982
Total Nacional;16 País Vasco;;Mujeres;Personas;1.136.646
Total Nacional;16 País Vasco;01 Araba/Álava;Ambos sexos;Personas;333.485
Total Nacional;16 País Vasco;01 Araba/Álava;Hombres;Personas;164.299
Total Nacional;16 País Vasco;01 Araba/Álava;Mujeres;Personas;169.186
Total Nacional;16 País Vasco;48 Bizkaia;Ambos sexos;Personas;1.153.635
Total Nacional;16 País Vasco;48 Bizkaia;Hombres;Personas;557.190
Total Nacional;16 País Vasco;48 Bizkaia;Mujeres;Personas;596.445
Total Nacional;16 País Vasco;20 Gipuzkoa;Ambos sexos;Personas;725.508
Total Nacional;16 País Vasco;20 Gipuzkoa;Hombres;Personas;354.493
Total Nacional;16 País Vasco;20 Gipuzkoa;Mujeres;Personas;371.015
Total Nacional;17 Rioja, La;;Ambos sexos;Personas;319.444
Total Nacional;17 Rioja, La;;Hombres;Personas;157.763
Total Nacional;17 Rioja, La;;Mujeres;Personas;161.681
Total Nacional;17 Rioja, La;26 Rioja, La;Ambos sexos;Personas;319.444
Total Nacional;17 Rioja, La;26 Rioja, La;Hombres;Personas;157.763
Total Nacional;17 Rioja, La;26 Rioja, La;Mujeres;Personas;161.681
Total Nacional;18 Ceuta;;Ambos sexos;Personas;84.071
Total Nacional;18 Ceuta;;Hombres;Personas;42.536
Total Nacional;18 Ceuta;;Mujeres;Personas;41.535
Total Nacional;18 Ceuta;51 Ceuta;Ambos sexos;Personas;84.071
Total Nacional;18 Ceuta;51 Ceuta;Hombres;Personas;42.536
Total Nacional;18 Ceuta;51 Ceuta;Mujeres;Personas;41.535
Total Nacional;19 Melilla;;Ambos sexos;Personas;86.450
Total Nacional;19 Melilla;;Hombres;Personas;43.823
Total Nacional;19 Melilla;;Mujeres;Personas;42.627
Total Nacional;19 Melilla;52 Melilla;Ambos sexos;Personas;86.450
Total Nacional;19 Melilla;52 Melilla;Hombres;Personas;43.823
Total Nacional;19 Melilla;52 Melilla;Mujeres;Personas;42.627
